dim,layers,size,nodes,edges,max_degree,build_s,sim_s_median,sim_s_min,sim_s_max,effective_dt,stability_adjusted
3,5,7,980,8134,17,0.010344,0.057394,0.056842,0.059977,0.100000,0
3,5,11,2420,29766,25,0.032095,0.182789,0.182029,0.183265,0.100000,0
3,5,15,4500,73350,33,0.046412,0.402404,0.402222,0.414744,0.100000,0
