dim,layers,size,steps,repeats,nodes,edges,max_degree,build_s,sim_s_median,sim_s_min,sim_s_max,effective_dt,stability_adjusted
2,1,11,50,3,484,5566,23,0.004300,0.033724,0.032649,0.034429,0.100000,0
2,1,21,50,3,1764,37926,43,0.041536,0.191302,0.189853,0.194317,0.100000,0
2,1,31,50,3,3844,121086,63,0.066753,0.583171,0.582152,0.583667,0.100000,0
2,1,41,50,3,6724,279046,83,0.150722,1.346898,1.343807,1.377540,0.100000,0
