dim,layers,size,nodes,edges,max_degree,build_s,sim_s_median,sim_s_min,sim_s_max,effective_dt,stability_adjusted
2,1,11,484,5566,23,0.003972,0.051075,0.050621,0.051926,0.100000,0
2,1,21,1764,37926,43,0.034081,0.278252,0.278229,0.283559,0.100000,0
2,1,31,3844,121086,63,0.067539,0.820960,0.818993,0.822917,0.100000,0
2,1,41,6724,279046,83,0.152895,1.828803,1.813843,1.835456,0.100000,0
