dim,layers,size,steps,repeats,nodes,edges,max_degree,build_s,sim_s_median,sim_s_min,sim_s_max,effective_dt,stability_adjusted
3,5,7,30,3,980,8134,17,0.006349,0.032374,0.032248,0.033061,0.100000,0
3,5,11,30,3,2420,29766,25,0.031821,0.113395,0.113376,0.113514,0.100000,0
3,5,15,30,3,4500,73350,33,0.046395,0.268107,0.266347,0.269720,0.100000,0
